,Age,Purchase Amount (USD),Previous Purchases,Review Rating,loyalty_score_a,loyalty_score_b,loyalty_score_c,promo_dependency_score,seasonal_breadth
Age,1.0,-0.010423647378686554,0.040444531142894743,-0.02446273357470796,0.02815768486045559,0.0036185440372884254,0.020112756855185897,0.004366296264631492,
Purchase Amount (USD),-0.010423647378686554,1.0,0.008063412270587633,0.029658742692550713,-0.010287098477627965,0.5983688543139839,0.34016146843396394,-0.01779805469002313,
Previous Purchases,0.040444531142894743,0.008063412270587633,1.0,0.0035545722965308725,0.6049238208130966,0.581466775872107,0.7239919299269477,0.023537095626161072,
Review Rating,-0.02446273357470796,0.029658742692550713,0.0035545722965308725,1.0,0.003348325660235176,0.5756638899870844,0.33572860478547367,-0.01236626562699881,
loyalty_score_a,0.02815768486045559,-0.010287098477627965,0.6049238208130966,0.003348325660235176,1.0,0.34365625163084346,0.8389633087039124,0.32530139141704434,
loyalty_score_b,0.0036185440372884254,0.5983688543139839,0.581466775872107,0.5756638899870844,0.34365625163084346,1.0,0.7993594834714955,-0.003625454245612849,
loyalty_score_c,0.020112756855185897,0.34016146843396394,0.7239919299269477,0.33572860478547367,0.8389633087039124,0.7993594834714955,1.0,0.206033795053911,
promo_dependency_score,0.004366296264631492,-0.01779805469002313,0.023537095626161072,-0.01236626562699881,0.32530139141704434,-0.003625454245612849,0.206033795053911,1.0,
seasonal_breadth,,,,,,,,,
